"","Chirpspersecond","Temperature"
"1",20,88.59999847
"2",16,71.59999847
"3",19.79999924,93.30000305
"4",18.39999962,84.30000305
"5",17.10000038,80.59999847
"6",15.5,75.19999695
"7",14.69999981,69.69999695
"8",17.10000038,82
"9",15.39999962,69.40000153
"10",16.20000076,83.30000305
"11",15,79.59999847
"12",17.20000076,82.59999847
"13",16,80.59999847
"14",17,83.5
"15",14.39999962,76.30000305
